{"schemaVersion":"1.0","appDefinitionTemplate":{"id":"/providers/Microsoft.PowerApps/apps/","type":"Microsoft.PowerApps/apps","tags":{"primaryDeviceWidth":"1366","primaryDeviceHeight":"768","sienaVersion":"20200420T125819Z-3.20023.8.0","deviceCapabilities":"","supportsPortrait":"false","supportsLandscape":"true","primaryFormFactor":"Tablet","publisherVersion":"3.20023.8","minimumRequiredApiVersion":"2.2.0","hasComponent":"false","hasUnlockedComponent":"false"},"properties":{"appVersion":"2020-04-20T12:58:19Z","lifeCycleId":"Published","createdByClientVersion":{"major":3,"minor":20023,"build":8,"revision":0,"majorRevision":0,"minorRevision":0},"minClientVersion":{"major":3,"minor":20023,"build":8,"revision":0,"majorRevision":0,"minorRevision":0},"backgroundColor":"rgba(253, 193, 2, 1)","backgroundImageUri":"/5592817544150498731/Neb2112a1-4c0f-466c-90f0-01ae0c0955a5-logoSmallFile","displayName":"Doughbros Desktop APP (SQL)","description":"The Dough Bros - Desktop Management APP \n© Michael O'Grady","commitMessage":"","appUris":{"documentUri":{"value":"/5592817544150498731/N5e7d21b7-4312-4ddc-ba03-d7a406251fd2-document.msapp"},"imageUris":[]},"createdTime":"0001-01-01T00:00:00Z","lastModifiedTime":"0001-01-01T00:00:00Z","sharedGroupsCount":0,"sharedUsersCount":0,"icons":{"smallIconUri":"/5592817544150498731/N731cd076-0e33-4533-8761-e734cbc00f7e-small.png","mediumIconUri":"/5592817544150498731/Ndc6a1c93-f43a-4a0c-840b-5142ca226769-medium.png","largeIconUri":"/5592817544150498731/Nd951336a-1f92-4c12-bbdb-d72944fe418b-large.png","wideIconUri":"/5592817544150498731/N3ba34817-0e9f-4da6-b0a6-b9860309558c-wide.png"},"connectionReferences":{"22955b6e-fc50-4046-892a-46fd84f0d493":{"id":"e1568bb6-5f08-4437-9d31-cdd03e3622ce","displayName":"SQL Server","iconUri":"https://connectoricons-prod.azureedge.net/sql/icon_1.0.1335.1964.png","dataSources":["[dbo].[tblCustomerOrders]","[dbo].[tblCustomers]","[dbo].[tblDelivery]","[dbo].[tblKitchen]","[dbo].[tblMenu]","[dbo].[tblOrders]","[dbo].[tblPayment]","[dbo].[tblReservations]","[dbo].[tblSuppliers]","[dbo].[tblDelivery]_1","[dbo].[tblCustomerOrders]_1","[dbo].[tblReservations]_1"],"dependencies":[],"dependents":[],"parameterHints":{},"isOnPremiseConnection":false,"sharedConnectionId":"93955b9a-e763-43aa-bbd7-ad3c1bbc4678","bypassConsent":false,"dataSets":{"bis2021.database.windows.net,doughbros":{"dataSources":{"[dbo].[tblCustomerOrders]":{"tableName":"[dbo].[tblCustomerOrders]"},"[dbo].[tblCustomers]":{"tableName":"[dbo].[tblCustomers]"},"[dbo].[tblDelivery]":{"tableName":"[dbo].[tblDelivery]"},"[dbo].[tblKitchen]":{"tableName":"[dbo].[tblKitchen]"},"[dbo].[tblMenu]":{"tableName":"[dbo].[tblMenu]"},"[dbo].[tblOrders]":{"tableName":"[dbo].[tblOrders]"},"[dbo].[tblPayment]":{"tableName":"[dbo].[tblPayment]"},"[dbo].[tblReservations]":{"tableName":"[dbo].[tblReservations]"},"[dbo].[tblSuppliers]":{"tableName":"[dbo].[tblSuppliers]"},"[dbo].[tblDelivery]_1":{"tableName":"[dbo].[tblDelivery]"},"[dbo].[tblCustomerOrders]_1":{"tableName":"[dbo].[tblCustomerOrders]"},"[dbo].[tblReservations]_1":{"tableName":"[dbo].[tblReservations]"}}}},"apiTier":"Premium","isCustomApiConnection":false},"4994bc2d-5ad2-4762-8842-37fa6ab27541":{"id":"ad9f94a9-e2b5-4110-81ae-19d51d1c750a","displayName":"Office 365 Outlook","iconUri":"https://connectoricons-prod.azureedge.net/office365/icon_1.0.1335.1964.png","dataSources":["Office365Outlook"],"dependencies":[],"dependents":[],"parameterHints":{},"isOnPremiseConnection":false,"bypassConsent":false,"dataSets":{},"apiTier":"Standard","isCustomApiConnection":false},"7b864da0-2fa6-4caf-b851-d2874e7df9bb":{"id":"3932edd2-34d4-440b-aa5f-0fc80bd740a9","displayName":"Office 365 Users","iconUri":"https://connectoricons-prod.azureedge.net/office365users/icon_1.0.1335.1964.png","dataSources":["Office365Users"],"dependencies":[],"dependents":[],"parameterHints":{},"isOnPremiseConnection":false,"bypassConsent":false,"dataSets":{},"apiTier":"Standard","isCustomApiConnection":false}},"databaseReferences":{},"almMode":"Environment","performanceOptimizationEnabled":false,"canConsumeAppPass":true,"executionRestrictions":{"isTeamsOnly":false,"dataLossPreventionEvaluationResult":{"status":"Compliant","lastEvaluationDate":"2020-11-01T00:37:36.0026148Z","violationDetails":[]}}},"isAppComponentLibrary":false,"appType":"ClassicCanvasApp","appComponents":[]}}